﻿id,parent_id,name
"3","1","Competition"
"4","1","Expert Builder"
"16","1","RoboRiders"
"17","1","Speed Slammers"
"18","1","Star Wars"
"19","1","Supplemental"
"20","1","Throwbot Slizer"
"21","1","Universal Building Set"
"35","34","Bricks & More"
"51","50","Arctic"
"53","52","Airport"
"54","52","Cargo"
"55","52","Coast Guard"
"56","52","Construction"
"57","52","Farm"
"58","52","Fire"
"59","52","Harbor"
"60","52","Hospital"
"61","52","Police"
"63","52","Traffic"
"64","52","Off-Road"
"65","52","Arctic"
"66","52","Trains"
"67","50","Classic Town"
"86","50","Divers"
"87","50","Extreme Team"
"88","50","Launch Command"
"89","50","Outback"
"90","50","Paradisa"
"91","50","Race"
"92","50","Res-Q"
"93","50","Space Port"
"94","50","Town Jr."
"104","50","Town Plan"
"105","50","World City"
"106","50","City Center"
"114","112","Ferrari"
"118","112","Promotional"
"122","112","RC"
"123","112","World Racers"
"127","126","Alien Conquest"
"128","126","Blacktron I"
"129","126","Blacktron II"
"130","126","Classic Space"
"131","126","Exploriens"
"132","126","Futuron"
"133","126","Ice Planet 2002"
"134","126","Insectoids"
"135","126","Life On Mars"
"136","126","M:Tron"
"137","126","Mars Mission"
"138","126","RoboForce"
"139","126","Space Police I"
"140","126","Space Police II"
"141","126","Space Police III"
"142","126","Spyrius"
"143","126","Supplemental"
"144","126","UFO"
"145","126","Unitron"
"146","126","Galaxy Squad"
"148","147","Pirates I"
"153","147","Pirates II"
"154","147","Pirates III"
"156","155","Mini"
"157","598","Bricktober"
"171","158","Ultimate Collector Series"
"187","186","Black Falcons"
"188","186","Black Knights"
"189","186","Classic Castle"
"190","186","Dragon Knights"
"191","186","Dark Forest"
"193","186","Fantasy Era"
"194","186","Forestmen"
"195","186","Fright Knights"
"196","186","Kingdoms"
"197","186","Knights Kingdom I"
"198","186","Knights Kingdom II"
"199","186","Lion Knights"
"201","186","Royal Knights"
"203","186","Wolfpack"
"204","22","Designer Sets"
"207","206","Advent"
"208","207","City"
"209","207","Star Wars"
"210","207","Belville"
"211","207","Castle"
"212","207","Classic Basic"
"213","207","Clikits"
"214","207","Creator"
"215","207","Pirates"
"216","207","Friends"
"227","206","Christmas"
"228","227","Creator"
"229","206","Easter"
"230","206","Halloween"
"231","206","Thanksgiving"
"232","206","Valentine"
"234","233","12V"
"235","233","4.5V"
"236","233","9V"
"240","233","RC Train"
"241","233","Supplemental"
"253","252","Skylines"
"259","258","NXT"
"260","258","RCX"
"261","258","Star Wars"
"262","258","EV3"
"263","608","Pirates of the Caribbean"
"271","608","Prince of Persia"
"274","273","Jurassic Park III"
"277","276","Mosaic"
"280","279","Jack Stone"
"287","279","Spider-Man"
"297","296","Desert"
"298","296","Dino Island"
"299","296","Jungle"
"300","296","Orient Expedition"
"303","302","Ultra Agents"
"305","304","Mission Deep Sea"
"306","304","Mission Deep Freeze"
"308","307","Aquanauts"
"309","307","Aquaraiders I"
"310","307","Aquaraiders II"
"311","307","Aquasharks"
"312","307","Hydronauts"
"313","307","Stingrays"
"341","324","Playsets"
"360","324","Protectors"
"368","365","HO 1:87 Vehicles"
"369","365","Jumbo Bricks"
"371","365","Supplemental"
"372","365","Town Plan"
"388","608","Mickey Mouse"
"401","400","Heroes"
"403","400","Villains"
"406","22","Inventor"
"409","408","Monthly Mini Model Build"
"410","408","Pick A Model"
"412","411","Airport"
"413","411","Building"
"414","411","Castle"
"415","411","Coast Guard"
"416","411","Construction"
"417","411","Fire"
"418","411","Gas Station"
"419","411","Harbor"
"420","411","Hospital"
"421","411","Police"
"422","411","Space"
"423","411","Vehicle"
"424","411","Western"
"453","443","Technic"
"456","443","Train"
"459","458","Basketball"
"460","458","Gravity Games"
"461","458","Hockey"
"462","458","Soccer"
"467","465","Basic"
"470","465","Classic Basic"
"471","598","Ferries"
"472","465","Gears"
"473","465","Supplemental"
"478","22","X-Pod"
"498","497","Technic"
"503","501","Key Chain"
"506","754","Cars"
"509","507","SPIKE"
"510","507","Serious Play"
"511","507","Building Set with People"
"516","507","Duplo and Explore"
"517","507","Learning"
"518","507","Mindstorms"
"519","518","NXT"
"520","518","RCX"
"521","518","WeDo"
"523","507","Samsonite"
"524","507","Service Packs"
"525","524","Technic"
"526","507","Soft Bricks"
"528","507","Supplemental"
"529","507","Technic"
"530","529","Control Lab"
"531","529","eLAB"
"533","507","Town"
"534","507","Universal Building Set"
"562","561","The Hobbit"
"566","561","The Lord of the Rings"
"572","571","Speedorz"
"573","571","Constraction"
"579","608","Disney Princess"
"592","591","DC Comics Super Heroes"
"593","591","Disney Princess"
"595","591","Friends"
"596","591","Marvel Super Heroes"
"597","591","Ninjago"
"614","52","Jungle"
"615","591","Cars"
"616","435","The LEGO Ninjago Movie"
"619","408","Cities of Wonders"
"620","591","Jurassic World: Fallen Kingdom"
"627","754","Planes"
"629","754","Miles From Tomorrowland"
"633","754","Toy Story"
"635","754","Winnie the Pooh"
"636","632","My Town"
"638","754","Jake and the Never Land Pirates"
"640","754","Disney Princess"
"641","754","Mickey & Friends"
"648","754","Doc McStuffins"
"650","632","Legoville"
"655","438","Powered Up"
"667","246","Fantastic Beasts"
"670","578","The LEGO Movie II"
"672","22","Creator 3-in-1"
"673","22","Creator Expert"
"674","22","Early Creator"
"679","52","Mars Exploration"
"687","608","Frozen"
"697","695","Batman"
"698","697","UCS"
"700","695","Justice League"
"701","695","Superman"
"702","696","Avengers"
"704","696","Guardians of the Galaxy"
"705","696","Iron Man"
"706","696","Spider-Man"
"707","696","X-Men"
"708","697","The LEGO Batman Movie"
"710","207","Harry Potter"
"728","598","McDonalds"
"729","598","Airlines"
"730","501","Audio and Visual Media"
"731","501","Bag and Luggage Tags"
"732","501","Clocks and Watches"
"733","501","Houseware"
"734","501","Magnets"
"735","501","Plush Toys"
"736","501","Posters and Art Prints"
"737","501","Role Play Toys and Costumes"
"738","501","Seasonal"
"739","501","Stationery and Office Supplies"
"740","501","Storage"
"741","501","Tabletop Games and Puzzles"
"742","501","Video Games and Accessories"
"744","52","Stuntz"
"746","301","Database Sets"
"751","207","Marvel"
"755","706","Spidey and His Amazing Friends"
"756","365","Samsonite"
"757","497","Ideas Books"
"758","497","Non-fiction Books"
"759","497","Story Books"
"760","497","Activity Books"
"761","497","Activity Books with LEGO Parts"
"505","504","Basic Set"
"626","504","Bob the Builder"
"628","504","Dora the Explorer"
"630","504","Marvel"
"631","504","Thomas & Friends"
"632","504","Town"
"634","504","Trains"
"639","504","Sofia the First"
"647","504","Castle"
"651","504","Pirates"
"652","504","Playhouse"
"653","504","DC Comics"
"657","504","Action Wheelers"
"658","504","Dino"
"659","504","Dolls"
"660","504","Little Forest Friends"
"661","504","Little Robots"
"662","504","Princess Castle"
"663","504","Rattles"
"664","504","Toolo"
"665","504","Western"
"666","504","Zooters"
"722","504","Jurassic World"
"754","504","Disney"
"536","535","Series 1 Minifigures"
"537","535","Series 2 Minifigures"
"538","535","Series 3 Minifigures"
"539","535","Series 4 Minifigures"
"540","535","Series 5 Minifigures"
"541","535","Series 6 Minifigures"
"542","535","Series 7 Minifigures"
"543","535","Series 8 Minifigures"
"544","535","Series 9 Minifigures"
"545","535","Series 10 Minifigures"
"546","535","Team GB"
"547","535","Series 11 Minifigures"
"548","535","Series 12 Minifigures"
"549","535","The LEGO Movie"
"550","535","The Simpsons Series 1"
"551","535","Series 13 Minifigures"
"552","535","Series 14 Minifigures"
"553","535","The Simpsons Series 2"
"554","535","Series 15 Minifigures"
"555","535","Disney Series 1"
"556","535","Series 16 Minifigures"
"557","535","DFB Minifigures"
"609","535","The LEGO Batman Movie Series 1"
"611","535","Series 17 Minifigures"
"618","535","The LEGO Ninjago Movie"
"622","535","Series 18 Minifigures"
"656","535","Harry Potter and Fantastic Beasts Series 1"
"675","535","The LEGO Movie II"
"677","535","Disney Series 2"
"681","535","Series 19 Minifigures"
"684","535","DC Super Heroes"
"691","535","Harry Potter and Fantastic Beasts Series 2"
"692","535","Series 20 Minifigures"
"711","535","The LEGO Batman Movie Series 2"
"712","535","Series 21 Minifigures"
"714","535","Looney Tunes"
"715","535","Marvel Series 1"
"718","535","Series 22 Minifigures"
"720","535","The Muppets"
"725","535","Series 23 Minifigures"
"743","535","Series 24 Minifigures"
"745","535","Disney 100"
"750","535","Marvel Series 2"
"753","535","Series 25 Minifigures"
"762","535","Series 26 Minifigures"
"767","535","Dungeons & Dragons"
"1",,"Technic"
"22",,"Creator"
"34",,"Make & Create"
"50",,"Town"
"52",,"City"
"112",,"Racers"
"126",,"Space"
"147",,"Pirates"
"155",,"Modular Buildings"
"158",,"Star Wars"
"186",,"Castle"
"206",,"Seasonal"
"233",,"Train"
"246",,"Harry Potter"
"252",,"Architecture"
"254",,"Bulk Bricks"
"258",,"Mindstorms"
"264",,"Indiana Jones"
"269",,"Cars"
"270",,"Ben 10"
"272",,"SpongeBob SquarePants"
"273",,"Studios"
"275",,"Toy Story"
"276",,"Sculptures"
"278",,"Model Team"
"279",,"4 Juniors"
"296",,"Adventurers"
"301",,"Other"
"302",,"Agents"
"304",,"Alpha Team"
"307",,"Aquazone"
"315",,"Atlantis"
"317",,"Avatar: The Last Airbender"
"318",,"Belville"
"324",,"Bionicle"
"363",,"Boat"
"364",,"Building Set with People"
"365",,"System"
"385",,"Dino Attack / Dino 2010"
"386",,"Dinosaurs"
"387",,"Discovery"
"389",,"Exo-Force"
"390",,"Fabuland"
"397",,"Factory"
"398",,"FIRST LEGO League"
"399",,"Freestyle"
"400",,"Hero Factory"
"404",,"Hobby Sets"
"405",,"Homemaker"
"407",,"Island Xtreme Stunts"
"408",,"LEGO Brand Store"
"411",,"Legoland"
"425",,"Legoland Parks"
"432",,"Master Builder Academy"
"433",,"Minitalia"
"434",,"Ninja"
"435",,"Ninjago"
"437",,"Pharaoh's Quest"
"438",,"Power Functions"
"439",,"Power Miners"
"440",,"Primo"
"441",,"Quatro"
"442",,"Rock Raiders"
"443",,"Service Packs"
"458",,"Sports"
"463",,"Spybotics"
"464",,"Time Cruisers"
"465",,"Universal Building Set"
"474",,"Vikings"
"475",,"Western"
"480",,"Znap"
"481",,"Dino"
"494",,"Friends"
"497",,"Books"
"500",,"Clikits"
"501",,"Gear"
"502",,"Games"
"504",,"Duplo"
"507",,"Educational and Dacta"
"535",,"Collectible Minifigures"
"558",,"Monster Fighters"
"559",,"Value Packs"
"560",,"Universe"
"561",,"The Hobbit and Lord of the Rings"
"570",,"Teenage Mutant Ninja Turtles"
"571",,"Legends of Chima"
"575",,"The Lone Ranger"
"576",,"LEGO Ideas and CUUSOO"
"577",,"Minecraft"
"578",,"The LEGO Movie"
"580",,"Mixels"
"590",,"Fusion"
"591",,"Juniors"
"598",,"Promotional"
"599",,"LEGO Exclusive"
"600",,"Elves"
"601",,"Speed Champions"
"602",,"Jurassic World"
"603",,"Scooby-Doo"
"604",,"Dimensions"
"605",,"Nexo Knights"
"606",,"Angry Birds"
"607",,"Ghostbusters"
"608",,"Disney"
"610",,"Brickheadz"
"617",,"DC Super Hero Girls"
"621",,"Classic"
"625",,"Unikitty!"
"646",,"Xtra"
"654",,"The Powerpuff Girls"
"668",,"Scala"
"669",,"Overwatch"
"671",,"Forma"
"676",,"Hidden Side"
"680",,"Stranger Things"
"682",,"Trolls: World Tour"
"683",,"LEGO Originals"
"685",,"Galidor"
"686",,"Chinese Traditional Festivals"
"688",,"DOTS"
"689",,"Minions"
"690",,"Super Mario"
"693",,"Monkie Kid"
"694",,"Brick Sketches"
"695",,"Super Heroes DC"
"696",,"Super Heroes Marvel"
"709",,"LEGO Art"
"713",,"VIDIYO"
"716",,"Modulex"
"717",,"Speed Racer"
"719",,"BrickLink Designer Program"
"721",,"Icons"
"724",,"Avatar"
"747",,"Sonic The Hedgehog"
"748",,"Gabby's Dollhouse"
"749",,"Dreamzzz"
"752",,"Animal Crossing"
"763",,"Despicable Me 4"
"764",,"The Legend of Zelda"
"765",,"Wicked"
"766",,"Fortnite"
