﻿id,name,rgb,is_trans
"32","Trans-Black IR Lens","635F52","t"
"33","Trans-Dark Blue","0020A0","t"
"34","Trans-Green","84B68D","t"
"35","Trans-Bright Green","D9E4A7","t"
"36","Trans-Red","C91A09","t"
"40","Trans-Brown","635F52","t"
"41","Trans-Light Blue","AEEFEC","t"
"42","Trans-Neon Green","F8F184","t"
"43","Trans-Very Lt Blue","C1DFF0","t"
"45","Trans-Dark Pink","DF6695","t"
"46","Trans-Yellow","F5CD2F","t"
"47","Trans-Clear","FCFCFC","t"
"52","Trans-Purple","A5A5CB","t"
"54","Trans-Neon Yellow","DAB000","t"
"57","Trans-Neon Orange","FF800D","t"
"114","Glitter Trans-Dark Pink","DF6695","t"
"117","Glitter Trans-Clear","FFFFFF","t"
"129","Glitter Trans-Purple","A5A5CB","t"
"143","Trans-Medium Blue","CFE2F7","t"
"182","Trans-Orange","F08F1C","t"
"230","Trans-Pink","E4ADC8","t"
"236","Trans-Light Purple","96709F","t"
"294","Glow In Dark Trans","BDC6AD","t"
"1002","Glitter Trans-Neon Green","C0F500","t"
"1003","Glitter Trans-Light Blue","68BCC5","t"
"1004","Trans-Flame Yellowish Orange","FCB76D","t"
"1005","Trans-Fire Yellow","FBE890","t"
"1006","Trans-Light Royal Blue","B4D4F7","t"
"1052","Glitter Trans-Orange","F08F1C","t"
"1053","Opal Trans-Light Blue","68BCC5","t"
"1054","Opal Trans-Dark Pink","CE1D9B","t"
"1055","Opal Trans-Clear","FCFCFC","t"
"1056","Opal Trans-Brown","583927","t"
"1057","Trans-Light Bright Green","C9E788","t"
"1058","Trans-Light Green","94E5AB","t"
"1059","Opal Trans-Purple","8320B7","t"
"1060","Opal Trans-Bright Green","84B68D","t"
"1061","Opal Trans-Dark Blue","0020A0","t"
"1095","Trans-Black","635F52","t"
"1096","Glitter Trans-Bright Green","D9E4A7","t"
"1097","Glitter Trans-Medium Purple","8D73B3","t"
"1098","Glitter Trans-Green","84B68D","t"
"1099","Glitter Trans-Pink","E4ADC8","t"
"1102","Trans-Neon Red","FF0040","t"
"1139","Opal Trans-Yellow","F5CD2F","t"
"-1","[Unknown]","0033B2","f"
"0","Black","05131D","f"
"1","Blue","0055BF","f"
"2","Green","237841","f"
"3","Dark Turquoise","008F9B","f"
"4","Red","C91A09","f"
"5","Dark Pink","C870A0","f"
"6","Brown","583927","f"
"7","Light Gray","9BA19D","f"
"8","Dark Gray","6D6E5C","f"
"9","Light Blue","B4D2E3","f"
"10","Bright Green","4B9F4A","f"
"11","Light Turquoise","55A5AF","f"
"12","Salmon","F2705E","f"
"13","Pink","FC97AC","f"
"14","Yellow","F2CD37","f"
"15","White","FFFFFF","f"
"17","Light Green","C2DAB8","f"
"18","Light Yellow","FBE696","f"
"19","Tan","E4CD9E","f"
"20","Light Violet","C9CAE2","f"
"21","Glow In Dark Opaque","D4D5C9","f"
"22","Purple","81007B","f"
"23","Dark Blue-Violet","2032B0","f"
"25","Orange","FE8A18","f"
"26","Magenta","923978","f"
"27","Lime","BBE90B","f"
"28","Dark Tan","958A73","f"
"29","Bright Pink","E4ADC8","f"
"30","Medium Lavender","AC78BA","f"
"31","Lavender","E1D5ED","f"
"60","Chrome Antique Brass","645A4C","f"
"61","Chrome Blue","6C96BF","f"
"62","Chrome Green","3CB371","f"
"63","Chrome Pink","AA4D8E","f"
"64","Chrome Black","1B2A34","f"
"68","Very Light Orange","F3CF9B","f"
"69","Light Purple","CD6298","f"
"70","Reddish Brown","582A12","f"
"71","Light Bluish Gray","A0A5A9","f"
"72","Dark Bluish Gray","6C6E68","f"
"73","Medium Blue","5A93DB","f"
"74","Medium Green","73DCA1","f"
"75","Speckle Black-Copper","05131D","f"
"76","Speckle DBGray-Silver","6C6E68","f"
"77","Light Pink","FECCCF","f"
"78","Light Nougat","F6D7B3","f"
"79","Milky White","FFFFFF","f"
"80","Metallic Silver","A5A9B4","f"
"81","Metallic Green","899B5F","f"
"82","Metallic Gold","DBAC34","f"
"84","Medium Nougat","AA7D55","f"
"85","Dark Purple","3F3691","f"
"86","Light Brown","7C503A","f"
"89","Royal Blue","4C61DB","f"
"92","Nougat","D09168","f"
"100","Light Salmon","FEBABD","f"
"110","Violet","4354A3","f"
"112","Medium Bluish Violet","6874CA","f"
"115","Medium Lime","C7D23C","f"
"118","Aqua","B3D7D1","f"
"120","Light Lime","D9E4A7","f"
"125","Light Orange","F9BA61","f"
"132","Speckle Black-Silver","05131D","f"
"133","Speckle Black-Gold","05131D","f"
"134","Copper","AE7A59","f"
"135","Pearl Light Gray","9CA3A8","f"
"137","Pearl Sand Blue","7988A1","f"
"142","Pearl Light Gold","DCBC81","f"
"148","Pearl Dark Gray","575857","f"
"150","Pearl Very Light Gray","ABADAC","f"
"151","Very Light Bluish Gray","E6E3E0","f"
"158","Yellowish Green","DFEEA5","f"
"178","Flat Dark Gold","B48455","f"
"179","Flat Silver","898788","f"
"183","Pearl White","F2F3F2","f"
"191","Bright Light Orange","F8BB3D","f"
"212","Bright Light Blue","9FC3E9","f"
"216","Rust","B31004","f"
"226","Bright Light Yellow","FFF03A","f"
"232","Sky Blue","7DBFDD","f"
"272","Dark Blue","0A3463","f"
"288","Dark Green","184632","f"
"297","Pearl Gold","AA7F2E","f"
"308","Dark Brown","352100","f"
"313","Maersk Blue","3592C3","f"
"320","Dark Red","720E0F","f"
"321","Dark Azure","078BC9","f"
"322","Medium Azure","36AEBF","f"
"323","Light Aqua","ADC3C0","f"
"326","Olive Green","9B9A5A","f"
"334","Chrome Gold","BBA53D","f"
"335","Sand Red","D67572","f"
"351","Medium Dark Pink","F785B1","f"
"366","Earth Orange","FA9C1C","f"
"373","Sand Purple","845E84","f"
"378","Sand Green","A0BCAC","f"
"379","Sand Blue","6074A1","f"
"383","Chrome Silver","E0E0E0","f"
"450","Fabuland Brown","B67B50","f"
"462","Medium Orange","FFA70B","f"
"484","Dark Orange","A95500","f"
"503","Very Light Gray","E6E3DA","f"
"1000","Glow in Dark White","D9D9D9","f"
"1001","Medium Violet","9391E4","f"
"1007","Reddish Lilac","8E5597","f"
"1008","Vintage Blue","039CBD","f"
"1009","Vintage Green","1E601E","f"
"1010","Vintage Red","CA1F08","f"
"1011","Vintage Yellow","F3C305","f"
"1012","Fabuland Orange","EF9121","f"
"1013","Modulex White","F4F4F4","f"
"1014","Modulex Light Bluish Gray","AfB5C7","f"
"1015","Modulex Light Gray","9C9C9C","f"
"1016","Modulex Charcoal Gray","595D60","f"
"1017","Modulex Tile Gray","6B5A5A","f"
"1018","Modulex Black","4D4C52","f"
"1019","Modulex Tile Brown","330000","f"
"1020","Modulex Terracotta","5C5030","f"
"1021","Modulex Brown","907450","f"
"1022","Modulex Buff","DEC69C","f"
"1023","Modulex Red","B52C20","f"
"1024","Modulex Pink Red","F45C40","f"
"1025","Modulex Orange","F47B30","f"
"1026","Modulex Light Orange","F7AD63","f"
"1027","Modulex Light Yellow","FFE371","f"
"1028","Modulex Ochre Yellow","FED557","f"
"1029","Modulex Lemon","BDC618","f"
"1030","Modulex Pastel Green","7DB538","f"
"1031","Modulex Olive Green","7C9051","f"
"1032","Modulex Aqua Green","27867E","f"
"1033","Modulex Teal Blue","467083","f"
"1034","Modulex Tile Blue","0057A6","f"
"1035","Modulex Medium Blue","61AFFF","f"
"1036","Modulex Pastel Blue","68AECE","f"
"1037","Modulex Violet","BD7D85","f"
"1038","Modulex Pink","F785B1","f"
"1039","Modulex Clear","FFFFFF","f"
"1040","Modulex Foil Dark Gray","595D60","f"
"1041","Modulex Foil Light Gray","9C9C9C","f"
"1042","Modulex Foil Dark Green","006400","f"
"1043","Modulex Foil Light Green","7DB538","f"
"1044","Modulex Foil Dark Blue","0057A6","f"
"1045","Modulex Foil Light Blue","68AECE","f"
"1046","Modulex Foil Violet","4B0082","f"
"1047","Modulex Foil Red","8B0000","f"
"1048","Modulex Foil Yellow","FED557","f"
"1049","Modulex Foil Orange","F7AD63","f"
"1050","Coral","FF698F","f"
"1051","Pastel Blue","5AC4DA","f"
"1062","Vibrant Yellow","EBD800","f"
"1063","Pearl Copper","B46A00","f"
"1064","Fabuland Red","FF8014","f"
"1065","Reddish Gold","AC8247","f"
"1066","Curry","DD982E","f"
"1067","Dark Nougat","AD6140","f"
"1068","Bright Reddish Orange","EE5434","f"
"1069","Pearl Red","D60026","f"
"1070","Pearl Blue","0059A3","f"
"1071","Pearl Green","008E3C","f"
"1072","Pearl Brown","57392C","f"
"1073","Pearl Black","0A1327","f"
"1074","Duplo Blue","009ECE","f"
"1075","Duplo Medium Blue","3E95B6","f"
"1076","Duplo Lime","FFF230","f"
"1077","Fabuland Lime","78FC78","f"
"1078","Duplo Medium Green","468A5F","f"
"1079","Duplo Light Green","60BA76","f"
"1080","Light Tan","F3C988","f"
"1081","Rust Orange","872B17","f"
"1082","Clikits Pink","FE78B0","f"
"1083","Two-tone Copper","945148","f"
"1084","Two-tone Gold","AB673A","f"
"1085","Two-tone Silver","737271","f"
"1086","Pearl Lime","6A7944","f"
"1087","Duplo Pink","FF879C","f"
"1088","Medium Brown","755945","f"
"1089","Warm Tan","CCA373","f"
"1090","Duplo Turquoise","3FB69E","f"
"1091","Warm Yellowish Orange","FFCB78","f"
"1092","Metallic Copper","764D3B","f"
"1093","Light Lilac","9195CA","f"
"1094","Trans-Medium Purple","8D73B3","f"
"1100","Clikits Yellow","FFCF0B","f"
"1101","Duplo Dark Purple","5F27AA","f"
"1103","Pearl Titanium","3E3C39","f"
"1104","HO Aqua","B3D7D1","f"
"1105","HO Azure","1591cb","f"
"1106","HO Blue-gray","354e5a","f"
"1107","HO Cyan","5b98b3","f"
"1108","HO Dark Aqua","a7dccf","f"
"1109","HO Dark Blue","0A3463","f"
"1110","HO Dark Gray","6D6E5C","f"
"1111","HO Dark Green","184632","f"
"1112","HO Dark Lime","b2b955","f"
"1113","HO Dark Red","631314","f"
"1114","HO Dark Sand Green","627a62","f"
"1115","HO Dark Turquoise","10929d","f"
"1116","HO Earth Orange","bb771b","f"
"1117","HO Gold","b4a774","f"
"1118","HO Light Aqua","a3d1c0","f"
"1119","HO Light Brown","965336","f"
"1120","HO Light Gold","cdc298","f"
"1121","HO Light Tan","f9f1c7","f"
"1122","HO Light Yellow","f5fab7","f"
"1123","HO Medium Blue","7396c8","f"
"1124","HO Medium Red","c01111","f"
"1125","HO Metallic Blue","0d4763","f"
"1126","HO Metallic Dark Gray","5e5e5e","f"
"1127","HO Metallic Green","879867","f"
"1128","HO Metallic Sand Blue","5f7d8c","f"
"1129","HO Olive Green","9B9A5A","f"
"1130","HO Rose","d06262","f"
"1131","HO Sand Blue","6e8aa6","f"
"1132","HO Sand Green","A0BCAC","f"
"1133","HO Tan","E4CD9E","f"
"1134","HO Titanium","616161","f"
"1135","Metal","A5ADB4","f"
"1136","Reddish Orange","CA4C0B","f"
"1137","Sienna Brown","915C3C","f"
"1138","Umber Brown","5E3F33","f"
"9999","[No Color/Any Color]","05131D","f"
